Temperatura,,,Lluvia,,,Humedad,,
25.4,1.65E+12,0,1.25,1.65E+12,0,68,1.65E+12,0
25.45,1.65E+12,0,1.125,1.65E+12,0,69,1.65E+12,0
26.06666667,1.65E+12,0,46.375,1.65E+12,0,74.66666667,1.65E+12,0
26.2,1.65E+12,0,67.98214286,1.65E+12,0,69.42857143,1.65E+12,0
26.24,1.65E+12,0,58.65,1.65E+12,0,67.6,1.65E+12,0
